signal_id,last_seen_year,http_status,content_length,error,checked_utc
149,2011,404,,,2026-08-01T13:47:16Z
279,2011,404,,,2026-08-01T13:47:16Z
335,2011,404,,,2026-08-01T13:47:16Z
315,2011,404,,,2026-08-01T13:47:16Z
106,2011,404,,,2026-08-01T13:47:16Z
361,2011,404,,,2026-08-01T13:47:16Z
124,2011,404,,,2026-08-01T13:47:16Z
141,2011,404,,,2026-08-01T13:47:16Z
134,2011,404,,,2026-08-01T13:47:16Z
5,2012,404,,,2026-08-01T13:47:16Z
777,2012,404,,,2026-08-01T13:47:16Z
7,2012,404,,,2026-08-01T13:47:16Z
964,2012,404,,,2026-08-01T13:47:16Z
1,2012,404,,,2026-08-01T13:47:16Z
1079,2012,404,,,2026-08-01T13:47:16Z
549,2012,404,,,2026-08-01T13:47:16Z
9,2012,404,,,2026-08-01T13:47:16Z
832,2012,404,,,2026-08-01T13:47:16Z
376,2012,404,,,2026-08-01T13:47:16Z
568,2012,404,,,2026-08-01T13:47:16Z
829,2012,404,,,2026-08-01T13:47:16Z
733,2012,404,,,2026-08-01T13:47:16Z
498,2012,404,,,2026-08-01T13:47:16Z
966,2012,404,,,2026-08-01T13:47:16Z
853,2012,404,,,2026-08-01T13:47:16Z
273,2012,404,,,2026-08-01T13:47:16Z
337,2012,404,,,2026-08-01T13:47:16Z
384,2012,404,,,2026-08-01T13:47:16Z
331,2012,404,,,2026-08-01T13:47:16Z
7799,2013,404,,,2026-08-01T13:47:16Z
17182,2013,404,,,2026-08-01T13:47:16Z
8061,2013,404,,,2026-08-01T13:47:16Z
4134,2013,404,,,2026-08-01T13:47:16Z
13383,2013,404,,,2026-08-01T13:47:16Z
4054,2013,404,,,2026-08-01T13:47:16Z
2065,2013,404,,,2026-08-01T13:47:16Z
4102,2013,404,,,2026-08-01T13:47:16Z
3837,2013,404,,,2026-08-01T13:47:16Z
11708,2013,404,,,2026-08-01T13:47:16Z
4207,2013,404,,,2026-08-01T13:47:16Z
1858,2013,404,,,2026-08-01T13:47:16Z
3435,2013,404,,,2026-08-01T13:47:16Z
2163,2013,404,,,2026-08-01T13:47:16Z
3204,2013,404,,,2026-08-01T13:47:16Z
1953,2013,404,,,2026-08-01T13:47:16Z
6470,2013,404,,,2026-08-01T13:47:16Z
3794,2013,404,,,2026-08-01T13:47:16Z
931,2013,404,,,2026-08-01T13:47:16Z
13093,2013,404,,,2026-08-01T13:47:16Z
6463,2014,404,,,2026-08-01T13:47:16Z
1698,2014,404,,,2026-08-01T13:47:16Z
35539,2014,404,,,2026-08-01T13:47:16Z
38331,2014,404,,,2026-08-01T13:47:16Z
49155,2014,404,,,2026-08-01T13:47:16Z
25661,2014,404,,,2026-08-01T13:47:16Z
6290,2014,404,,,2026-08-01T13:47:16Z
13423,2014,404,,,2026-08-01T13:47:16Z
32488,2014,404,,,2026-08-01T13:47:16Z
31010,2014,404,,,2026-08-01T13:47:16Z
22977,2014,404,,,2026-08-01T13:47:16Z
18219,2014,404,,,2026-08-01T13:47:16Z
15252,2014,404,,,2026-08-01T13:47:16Z
16989,2014,404,,,2026-08-01T13:47:16Z
28514,2014,404,,,2026-08-01T13:47:16Z
18283,2014,404,,,2026-08-01T13:47:16Z
45973,2014,404,,,2026-08-01T13:47:16Z
31302,2014,404,,,2026-08-01T13:47:16Z
34163,2014,404,,,2026-08-01T13:47:16Z
35235,2014,404,,,2026-08-01T13:47:16Z
93913,2015,404,,,2026-08-01T13:47:16Z
6922,2015,404,,,2026-08-01T13:47:16Z
50429,2015,404,,,2026-08-01T13:47:16Z
49843,2015,404,,,2026-08-01T13:47:16Z
127718,2015,404,,,2026-08-01T13:47:16Z
106560,2015,404,,,2026-08-01T13:47:16Z
1199,2015,404,,,2026-08-01T13:47:16Z
91680,2015,404,,,2026-08-01T13:47:16Z
112960,2015,404,,,2026-08-01T13:47:16Z
88633,2015,404,,,2026-08-01T13:47:16Z
74747,2015,404,,,2026-08-01T13:47:16Z
70534,2015,404,,,2026-08-01T13:47:16Z
59731,2015,404,,,2026-08-01T13:47:16Z
47702,2015,404,,,2026-08-01T13:47:16Z
120181,2015,404,,,2026-08-01T13:47:16Z
53556,2015,404,,,2026-08-01T13:47:16Z
74295,2015,404,,,2026-08-01T13:47:16Z
107938,2015,404,,,2026-08-01T13:47:16Z
123029,2015,404,,,2026-08-01T13:47:16Z
70167,2015,404,,,2026-08-01T13:47:16Z
132702,2016,404,,,2026-08-01T13:47:16Z
131988,2016,404,,,2026-08-01T13:47:16Z
114203,2016,404,,,2026-08-01T13:47:16Z
225456,2016,404,,,2026-08-01T13:47:16Z
112197,2016,404,,,2026-08-01T13:47:16Z
184731,2016,404,,,2026-08-01T13:47:16Z
191929,2016,404,,,2026-08-01T13:47:16Z
228469,2016,404,,,2026-08-01T13:47:16Z
122149,2016,404,,,2026-08-01T13:47:16Z
179671,2016,404,,,2026-08-01T13:47:16Z
204460,2016,404,,,2026-08-01T13:47:16Z
205029,2016,404,,,2026-08-01T13:47:16Z
30483,2016,404,,,2026-08-01T13:47:16Z
121113,2016,404,,,2026-08-01T13:47:16Z
70542,2016,404,,,2026-08-01T13:47:16Z
152650,2016,404,,,2026-08-01T13:47:16Z
218257,2016,404,,,2026-08-01T13:47:16Z
141046,2016,404,,,2026-08-01T13:47:16Z
122417,2016,404,,,2026-08-01T13:47:16Z
74480,2016,404,,,2026-08-01T13:47:16Z
335961,2017,404,,,2026-08-01T13:47:16Z
318065,2017,404,,,2026-08-01T13:47:16Z
348116,2017,404,,,2026-08-01T13:47:16Z
181438,2017,404,,,2026-08-01T13:47:16Z
317938,2017,404,,,2026-08-01T13:47:16Z
289272,2017,404,,,2026-08-01T13:47:16Z
264907,2017,404,,,2026-08-01T13:47:16Z
245281,2017,404,,,2026-08-01T13:47:16Z
336688,2017,404,,,2026-08-01T13:47:16Z
339422,2017,404,,,2026-08-01T13:47:16Z
346009,2017,404,,,2026-08-01T13:47:16Z
218912,2017,404,,,2026-08-01T13:47:16Z
348617,2017,404,,,2026-08-01T13:47:16Z
197514,2017,404,,,2026-08-01T13:47:16Z
335954,2017,404,,,2026-08-01T13:47:16Z
347225,2017,404,,,2026-08-01T13:47:16Z
178686,2017,404,,,2026-08-01T13:47:16Z
310623,2017,404,,,2026-08-01T13:47:16Z
241798,2017,404,,,2026-08-01T13:47:16Z
129369,2017,404,,,2026-08-01T13:47:16Z
477897,2018,404,,,2026-08-01T13:47:16Z
432653,2018,404,,,2026-08-01T13:47:16Z
457342,2018,404,,,2026-08-01T13:47:16Z
478991,2018,404,,,2026-08-01T13:47:16Z
453470,2018,404,,,2026-08-01T13:47:16Z
441148,2018,404,,,2026-08-01T13:47:16Z
491054,2018,404,,,2026-08-01T13:47:16Z
382130,2018,404,,,2026-08-01T13:47:16Z
464571,2018,404,,,2026-08-01T13:47:16Z
303077,2018,404,,,2026-08-01T13:47:16Z
462148,2018,404,,,2026-08-01T13:47:16Z
442579,2018,404,,,2026-08-01T13:47:16Z
498405,2018,404,,,2026-08-01T13:47:16Z
451435,2018,404,,,2026-08-01T13:47:16Z
459800,2018,404,,,2026-08-01T13:47:16Z
420708,2018,404,,,2026-08-01T13:47:16Z
427657,2018,404,,,2026-08-01T13:47:16Z
444643,2018,404,,,2026-08-01T13:47:16Z
439262,2018,404,,,2026-08-01T13:47:16Z
450242,2018,404,,,2026-08-01T13:47:16Z
467102,2019,404,,,2026-08-01T13:47:16Z
398001,2019,404,,,2026-08-01T13:47:16Z
548400,2019,404,,,2026-08-01T13:47:16Z
543558,2019,404,,,2026-08-01T13:47:16Z
633485,2019,404,,,2026-08-01T13:47:16Z
550680,2019,404,,,2026-08-01T13:47:16Z
520961,2019,404,,,2026-08-01T13:47:16Z
605171,2019,404,,,2026-08-01T13:47:16Z
563036,2019,404,,,2026-08-01T13:47:16Z
571847,2019,404,,,2026-08-01T13:47:16Z
576129,2019,404,,,2026-08-01T13:47:16Z
605771,2019,404,,,2026-08-01T13:47:16Z
625844,2019,404,,,2026-08-01T13:47:16Z
658761,2019,404,,,2026-08-01T13:47:16Z
554813,2019,404,,,2026-08-01T13:47:16Z
622314,2019,404,,,2026-08-01T13:47:16Z
512224,2019,404,,,2026-08-01T13:47:16Z
584807,2019,404,,,2026-08-01T13:47:16Z
522753,2019,404,,,2026-08-01T13:47:16Z
549781,2019,404,,,2026-08-01T13:47:16Z
609970,2020,404,,,2026-08-01T13:47:16Z
710962,2020,404,,,2026-08-01T13:47:16Z
826817,2020,404,,,2026-08-01T13:47:16Z
341952,2020,404,,,2026-08-01T13:47:16Z
703907,2020,404,,,2026-08-01T13:47:16Z
768387,2020,404,,,2026-08-01T13:47:16Z
732477,2020,404,,,2026-08-01T13:47:16Z
739599,2020,404,,,2026-08-01T13:47:16Z
843416,2020,404,,,2026-08-01T13:47:16Z
810539,2020,404,,,2026-08-01T13:47:16Z
642679,2020,404,,,2026-08-01T13:47:16Z
749134,2020,404,,,2026-08-01T13:47:16Z
806714,2020,404,,,2026-08-01T13:47:16Z
671470,2020,404,,,2026-08-01T13:47:16Z
737851,2020,404,,,2026-08-01T13:47:16Z
700743,2020,404,,,2026-08-01T13:47:16Z
684017,2020,404,,,2026-08-01T13:47:16Z
867360,2020,404,,,2026-08-01T13:47:16Z
756349,2020,404,,,2026-08-01T13:47:16Z
826214,2020,404,,,2026-08-01T13:47:16Z
962035,2021,404,,,2026-08-01T13:47:16Z
1051758,2021,404,,,2026-08-01T13:47:16Z
661854,2021,404,,,2026-08-01T13:47:16Z
926780,2021,404,,,2026-08-01T13:47:16Z
811253,2021,404,,,2026-08-01T13:47:16Z
959318,2021,404,,,2026-08-01T13:47:16Z
985804,2021,404,,,2026-08-01T13:47:16Z
970229,2021,404,,,2026-08-01T13:47:16Z
779886,2021,404,,,2026-08-01T13:47:16Z
1140950,2021,404,,,2026-08-01T13:47:16Z
776768,2021,404,,,2026-08-01T13:47:16Z
862902,2021,404,,,2026-08-01T13:47:16Z
803388,2021,404,,,2026-08-01T13:47:16Z
833270,2021,404,,,2026-08-01T13:47:16Z
993507,2021,404,,,2026-08-01T13:47:16Z
810562,2021,404,,,2026-08-01T13:47:16Z
1041400,2021,404,,,2026-08-01T13:47:16Z
882152,2021,404,,,2026-08-01T13:47:16Z
1073943,2021,404,,,2026-08-01T13:47:16Z
954736,2021,404,,,2026-08-01T13:47:16Z
1256409,2022,404,,,2026-08-01T13:47:16Z
1054611,2022,404,,,2026-08-01T13:47:16Z
1612096,2022,404,,,2026-08-01T13:47:16Z
1079507,2022,404,,,2026-08-01T13:47:16Z
1782366,2022,404,,,2026-08-01T13:47:16Z
1326475,2022,404,,,2026-08-01T13:47:16Z
1612052,2022,404,,,2026-08-01T13:47:16Z
1392089,2022,404,,,2026-08-01T13:47:16Z
1228584,2022,404,,,2026-08-01T13:47:16Z
973925,2022,404,,,2026-08-01T13:47:16Z
1789433,2022,404,,,2026-08-01T13:47:16Z
1229268,2022,404,,,2026-08-01T13:47:16Z
1771334,2022,404,,,2026-08-01T13:47:16Z
1431540,2022,404,,,2026-08-01T13:47:16Z
1673465,2022,404,,,2026-08-01T13:47:16Z
829814,2022,404,,,2026-08-01T13:47:16Z
939747,2022,404,,,2026-08-01T13:47:16Z
1608053,2022,404,,,2026-08-01T13:47:16Z
1236251,2022,404,,,2026-08-01T13:47:16Z
1303042,2022,404,,,2026-08-01T13:47:16Z
1786051,2023,404,,,2026-08-01T13:47:16Z
1712880,2023,404,,,2026-08-01T13:47:16Z
2068879,2023,404,,,2026-08-01T13:47:16Z
1855684,2023,404,,,2026-08-01T13:47:16Z
2108709,2023,404,,,2026-08-01T13:47:16Z
1848083,2023,404,,,2026-08-01T13:47:16Z
1788678,2023,404,,,2026-08-01T13:47:16Z
1829142,2023,404,,,2026-08-01T13:47:16Z
1800209,2023,404,,,2026-08-01T13:47:16Z
2129874,2023,404,,,2026-08-01T13:47:16Z
2050563,2023,404,,,2026-08-01T13:47:16Z
2043810,2023,404,,,2026-08-01T13:47:16Z
1827539,2023,404,,,2026-08-01T13:47:16Z
1851612,2023,404,,,2026-08-01T13:47:16Z
1925864,2023,404,,,2026-08-01T13:47:16Z
1768121,2023,404,,,2026-08-01T13:47:16Z
2028633,2023,404,,,2026-08-01T13:47:16Z
1486477,2023,404,,,2026-08-01T13:47:16Z
2151260,2023,404,,,2026-08-01T13:47:16Z
2142599,2023,404,,,2026-08-01T13:47:16Z
2209885,2024,404,,,2026-08-01T13:47:16Z
2266494,2024,404,,,2026-08-01T13:47:16Z
1975067,2024,404,,,2026-08-01T13:47:16Z
2193727,2024,404,,,2026-08-01T13:47:16Z
2241595,2024,404,,,2026-08-01T13:47:16Z
2272814,2024,404,,,2026-08-01T13:47:16Z
1815102,2024,404,,,2026-08-01T13:47:16Z
2196891,2024,404,,,2026-08-01T13:47:16Z
2041826,2024,404,,,2026-08-01T13:47:16Z
2251198,2024,404,,,2026-08-01T13:47:16Z
2272467,2024,404,,,2026-08-01T13:47:16Z
1885783,2024,404,,,2026-08-01T13:47:16Z
2190390,2024,404,,,2026-08-01T13:47:16Z
2255246,2024,404,,,2026-08-01T13:47:16Z
1818068,2024,404,,,2026-08-01T13:47:16Z
2272822,2024,404,,,2026-08-01T13:47:16Z
2100898,2024,404,,,2026-08-01T13:47:16Z
2215104,2024,404,,,2026-08-01T13:47:16Z
2274145,2024,404,,,2026-08-01T13:47:16Z
1772361,2024,404,,,2026-08-01T13:47:16Z
1500355,2025,404,,,2026-08-01T13:47:16Z
2319839,2025,404,,,2026-08-01T13:47:16Z
2324736,2025,404,,,2026-08-01T13:47:16Z
2024115,2025,404,,,2026-08-01T13:47:16Z
2332462,2025,404,,,2026-08-01T13:47:16Z
843451,2025,404,,,2026-08-01T13:47:16Z
2317284,2025,404,,,2026-08-01T13:47:16Z
2289734,2025,404,,,2026-08-01T13:47:16Z
2336816,2025,200,,,2026-08-01T13:47:16Z
2278433,2025,404,,,2026-08-01T13:47:16Z
2336750,2025,200,,,2026-08-01T13:47:16Z
2339594,2025,200,,,2026-08-01T13:47:16Z
2324422,2025,404,,,2026-08-01T13:47:16Z
2318480,2025,404,,,2026-08-01T13:47:16Z
2320019,2025,200,,,2026-08-01T13:47:16Z
2278978,2025,404,,,2026-08-01T13:47:16Z
2324259,2025,404,,,2026-08-01T13:47:16Z
2095516,2025,404,,,2026-08-01T13:47:16Z
2293863,2025,404,,,2026-08-01T13:47:16Z
2303729,2025,404,,,2026-08-01T13:47:16Z
2345108,2026,404,,,2026-08-01T13:47:16Z
2349913,2026,200,,,2026-08-01T13:47:16Z
2361967,2026,200,,,2026-08-01T13:47:16Z
2332085,2026,404,,,2026-08-01T13:47:16Z
2312227,2026,200,,,2026-08-01T13:47:16Z
2317146,2026,404,,,2026-08-01T13:47:16Z
1059619,2026,200,,,2026-08-01T13:47:16Z
2337989,2026,200,,,2026-08-01T13:47:16Z
2330653,2026,200,,,2026-08-01T13:47:16Z
2336814,2026,200,,,2026-08-01T13:47:16Z
2362286,2026,404,,,2026-08-01T13:47:16Z
2306794,2026,200,,,2026-08-01T13:47:16Z
2352638,2026,200,,,2026-08-01T13:47:16Z
2257028,2026,200,,,2026-08-01T13:47:16Z
2329641,2026,200,,,2026-08-01T13:47:16Z
2367549,2026,200,,,2026-08-01T13:47:16Z
2356592,2026,200,,,2026-08-01T13:47:16Z
2331688,2026,404,,,2026-08-01T13:47:16Z
2346422,2026,404,,,2026-08-01T13:47:16Z
2372528,2026,200,,,2026-08-01T13:47:16Z
